ref no,name,url
GJ10002801,Victoria Bridge,builtDetail.do?refId=2801&state=24
GJ10002805,Sajuba Girls School,builtDetail.do?refId=2805&state=24
GJ10002790,Rattan Bai Masjid,builtDetail.do?refId=2790&state=24
GJ10002785,Ranchhorji Mandir,builtDetail.do?refId=2785&state=24
GJ10002778,Radha Krishna Mandir,builtDetail.do?refId=2778&state=24
GJ10002810,Pratap Vilas Palace,builtDetail.do?refId=2810&state=24
GJ10002798,Old Railway Station,builtDetail.do?refId=2798&state=24
GJ10002786,Neel Kanth Mahadev Temple,builtDetail.do?refId=2786&state=24
GJ10002795,Mahila Mandal Building,builtDetail.do?refId=2795&state=24
GJ10002799,Khambhalia Gate,builtDetail.do?refId=2799&state=24
GJ10002779,Kashi Vishwanath Mandir,builtDetail.do?refId=2779&state=24
GJ10002788,Jama Masjid,builtDetail.do?refId=2788&state=24
GJ10002775,Jain Derasar,builtDetail.do?refId=2775&state=24
GJ10002780,Girdhari Ji ka Mandir,builtDetail.do?refId=2780&state=24
GJ10002811,Darbar Garh Palace Complex,builtDetail.do?refId=2811&state=24
GJ10002803,Darbar Garh Chowk,builtDetail.do?refId=2803&state=24
GJ10002781,Bhir Bhanjan Mandir,builtDetail.do?refId=2781&state=24
GJ10002789,Darul Uloom Razyiyah,builtDetail.do?refId=2789&state=24
GJ10002767,Dhanwantri Mandir,builtDetail.do?refId=2767&state=24
GJ10002784,Asha Pura Ji ka Mandir,builtDetail.do?refId=2784&state=24
GJ10002773,Nav Durga Shahid Sthan,builtDetail.do?refId=2773&state=24
GJ10002772,Shri Siddhnathji Ka Mandir,builtDetail.do?refId=2772&state=24
GJ10002796,Pradhan Chowk Road,builtDetail.do?refId=2796&state=24
GJ10002804,Solarium,builtDetail.do?refId=2804&state=24
GJ10002809,Bhavendra Vilas,builtDetail.do?refId=2809&state=24
GJ10002802,Kalawar Road Market,builtDetail.do?refId=2802&state=24
GJ10002797,Clock Tower,builtDetail.do?refId=2797&state=24
GJ10002777,Asha Pura Ji ka Mandir,builtDetail.do?refId=2777&state=24
GJ10002806,Birla Fish Museum,builtDetail.do?refId=2806&state=24
GJ10002794,Lakota Palace Museum,builtDetail.do?refId=2794&state=24
GJ10002793,Lakota Talab,builtDetail.do?refId=2793&state=24
GJ10002812,Circuit House,builtDetail.do?refId=2812&state=24
GJ10002776,Shri Naminath Ji Derasar,builtDetail.do?refId=2776&state=24
GJ10002783,Ram Mandir,builtDetail.do?refId=2783&state=24
GJ10002769,Khodia Mata Ka Mandir,builtDetail.do?refId=2769&state=24
GJ10002774,Ganesh Ji ka Mandir,builtDetail.do?refId=2774&state=24
GJ10002771,Gram Devi,builtDetail.do?refId=2771&state=24
GJ10002807,Tusuf  Mori  Adam Manzil,builtDetail.do?refId=2807&state=24
GJ10002787,Guru Dutt Ji Temple,builtDetail.do?refId=2787&state=24
GJ10002768,Nageshwar Mahadev Ka Mandir - Vishod Mata Ka Mandir,builtDetail.do?refId=2768&state=24
GJ10002770,Jam Sahab Ka Satisura Pura,builtDetail.do?refId=2770&state=24
GJ10002782,Sri Krishna Parnam Mandir,builtDetail.do?refId=2782&state=24
GJ10002800,Saifi Tower,builtDetail.do?refId=2800&state=24
GJ10002808,Badminton House,builtDetail.do?refId=2808&state=24
GJ10002792,Bhujia Kotha,builtDetail.do?refId=2792&state=24
GJ10002791,Badri Ka Mandir,builtDetail.do?refId=2791&state=24
